title,conference_name,talk_date,presenters,description,source_url,location,city,session_type,scraped_at,confidence
AI-AI-Oh! Engaging AI Uses in Education,ISTE Live 2024,"JUNE 22, 2024, 3:00-3:50pm",Eric Curts,"Artificial Intelligence can be used in so many different ways in schools to improve teaching, learning, creativity, productivity, support, and more for educators and students. Explore dozens of uses for generative AI including support for reading, writing, daily tasks, tutoring, coding, conversations, feedback, and much more.",https://www.controlaltachieve.com/2023/12/my-iste-2024-sessions.html,Virtual,"Denver, CO",Presentation,2026-04-22T15:31:37.026563,high
Time - 6pm to 11pm (come and go as needed),ISTE Live 2024,"JUNE 22, 2024,",Eric Curts,,https://www.controlaltachieve.com/2023/12/my-iste-2024-sessions.html,,"Denver, CO",Presentation,2026-04-22T15:31:37.026901,high
ISTE Ignite Session - The Bionic Educator,ISTE Live 2024,"JUNE 22, 2024, 10:00-11:00am",Eric Curts,Will technology ever replace a teacher? Who (or what) is the best educator in the world? The answer may surprise you. Learn about the amazing rise of artificial intelligence and see what you can do to be the best educator you can be and how your students can be the best learners they can be.,https://www.controlaltachieve.com/2023/12/my-iste-2024-sessions.html,Bellco Theater,"Denver, CO",Presentation,2026-04-22T15:31:37.027042,high
AI & Edtech Power Hour: Turbocharged Tools for Every Subject and Grade,ISTE Live 2024,"JUNE 22, 2024, 4:30-5:30pm",Eric Curts,"Discover transformative AI and Edtech tools across subjects and grade levels in this fast-paced, interactive panel. Led by educators known for sharing, we'll spotlight practical applications and innovative pedagogies to engage all learners. Leave with a toolkit of resources to energize your classroom and enhance student outcomes.",https://www.controlaltachieve.com/2023/12/my-iste-2024-sessions.html,111/3,"Denver, CO",Presentation,2026-04-22T15:31:37.027206,high
The 'Gem in AI' - Google AI Tools for Education,ISTE Live 2024,"JUNE 22, 2024, 11:00am-12:00pm",Eric Curts,"Google has long been a leader when it comes to creating and using artificial intelligence in practical ways. In this session we will explore a wide range of Google tools that incorporate generative AI including Google Gemini, NotebookLM, Search Generative Experience, integrations in Docs, Slides, Sheets, Gmail, Search, Classroom and more! See how these tools can be used by teachers and students.",https://www.controlaltachieve.com/2023/12/my-iste-2024-sessions.html,Bluebird Ballroom 2BC,"Denver, CO",Presentation,2026-04-22T15:31:37.027448,high
Level Up Every Learner with SchoolAI,ISTE Live 2024,"JUNE 22, 2024, 1:15-1:45pm",Eric Curts,"AI finally makes the promise and potential of personalize learning a reality. AI can meet each student where they are at, providing the support, tutoring, enrichment, information, and challenge as needed for every individual learner. Explore how SchoolAI can level up every learner!",https://www.controlaltachieve.com/2023/12/my-iste-2024-sessions.html,SchoolAI Booth 528,"Denver, CO",Presentation,2026-04-22T15:31:37.027587,high
Supercharge Your Books: AI Tools in Book Creator,ISTE Live 2024,"JUNE 22, 2024, 2:00-2:15pm",Eric Curts,"Book Creator is already powerful, but your can supercharge it with AI! Discover the AI-powered tools built right into Book Creator including AutoDraw, Speech to Text, Text to Speech, Translation, Captions, Transcripts, and more!",https://www.controlaltachieve.com/2023/12/my-iste-2024-sessions.html,Book Creator Booth #936,"Denver, CO",Presentation,2026-04-22T15:31:37.027638,high
The Joy of Drawings: Amazing Learning Activities with Google Drawings,ISTE Live 2024,"JUNE 22, 2024, 3:00-4:30pm",Eric Curts,"Google Drawings is part of the Drive suite of tools but is often overlooked. However it is a fantastic program for student learning and teacher instruction. In this session we cover the basics of how Drawings works, and then we try out dozens of practical examples of how it can be used in schools, including graphic organizers, math manipulatives, desktop publishing, interactive digital posters, drag-and-drop poetry, creating memes, making composite ""green screen"" images, innovative art projects, collaborative games, and more.",https://www.controlaltachieve.com/2023/12/my-iste-2024-sessions.html,Mile High Ballroom 2C,"Denver, CO",Presentation,2026-04-22T15:31:37.027693,high
💻 Yes (even) You Can Code with the Help of AI!,ISTE Live 2024,"JUNE 22, 2024, 10:30am-12:00pm",Eric Curts,"Don't know Python from Perl? Is HTML all IDK to you? Do you think JavaScript is the handwriting on your Starbucks cup? Even if you have never written a line of code in your life, you can with AI! In this session we will see how to use tools such as Bard and ChatGPT to create code that you can use in Google Docs, Sheets, and Sites for learning games, activities, supports, time-savers, productivity helpers, and more.",https://www.controlaltachieve.com/2023/12/my-iste-2024-sessions.html,Mile High Ballroom 1BCD,"Denver, CO",Presentation,2026-04-22T15:31:37.027829,high
Check out my,ISTE Live 2024,"JUNE 22, 2024,",Eric Curts,,https://www.controlaltachieve.com/2023/12/my-iste-2024-sessions.html,,"Denver, CO",Presentation,2026-04-22T15:31:37.028140,high
10:30 am - 11:00 am,ISTE Live 2024,"June 24, 2024,",,,https://go.smarttech.com/iste2024,,"Denver, CO",Session,2026-04-22T15:31:37.657444,high
1:00 pm - 1:30 pm,ISTE Live 2024,"June 24, 2024,",,,https://go.smarttech.com/iste2024,,"Denver, CO",Session,2026-04-22T15:31:37.657533,high
:00 pm - 4:00 pm,ISTE Live 2024,"June 24, 2024,",,,https://go.smarttech.com/iste2024,,"Denver, CO",Session,2026-04-22T15:31:37.657594,high
:00 pm - 2:30 pm,ISTE Live 2024,"June 24, 2024,",,,https://go.smarttech.com/iste2024,,"Denver, CO",Session,2026-04-22T15:31:37.657615,high
:30 pm - 3:30 pm,ISTE Live 2024,"June 24, 2024,",,,https://go.smarttech.com/iste2024,,"Denver, CO",Session,2026-04-22T15:31:37.657714,high
10:00 am - 10:30 am,ISTE Live 2024,"June 25, 2024,",,,https://go.smarttech.com/iste2024,,"Denver, CO",Session,2026-04-22T15:31:37.657901,high
:30 am - 11:30 am,ISTE Live 2024,"June 25, 2024,",,,https://go.smarttech.com/iste2024,,"Denver, CO",Session,2026-04-22T15:31:37.657976,high
11:30 am - 12:00 pm,ISTE Live 2024,"June 25, 2024,",,,https://go.smarttech.com/iste2024,,"Denver, CO",Session,2026-04-22T15:31:37.658027,high
2:00 pm - 4:00 pm,ISTE Live 2024,"June 25, 2024,",,,https://go.smarttech.com/iste2024,,"Denver, CO",Session,2026-04-22T15:31:37.658075,high
3:00 pm - 3:30 pm,ISTE Live 2024,"June 25, 2024,",,,https://go.smarttech.com/iste2024,,"Denver, CO",Session,2026-04-22T15:31:37.658104,high
:00 am - 10:30 am,ISTE Live 2024,"June 26, 2024,",,,https://go.smarttech.com/iste2024,,"Denver, CO",Session,2026-04-22T15:31:37.658141,high
:30 am - 11:30 am,ISTE Live 2024,"June 26, 2024,",,,https://go.smarttech.com/iste2024,,"Denver, CO",Session,2026-04-22T15:31:37.658178,high
Opening Keynote: Ketanji Brown Jackson,NCTE Annual Convention 2024,"November 21, 2024",Ketanji Brown Jackson,,https://ncte.org/press-updates/speakers-for-2024-ncte-annual-convention/,,"Boston, MA",Keynote,2026-04-22T15:31:37.658252,high
Keynote: Kate McKinnon,NCTE Annual Convention 2024,"November 22, 2024",Kate McKinnon,,https://ncte.org/press-updates/speakers-for-2024-ncte-annual-convention/,,"Boston, MA",Keynote,2026-04-22T15:31:37.658257,high
Keynote: Bryan Stevenson,NCTE Annual Convention 2024,"November 23, 2024",Bryan Stevenson,,https://ncte.org/press-updates/speakers-for-2024-ncte-annual-convention/,,"Boston, MA",Keynote,2026-04-22T15:31:37.658259,high
Keynote: Ada Limón,NCTE Annual Convention 2024,"November 24, 2024",Ada Limón,,https://ncte.org/press-updates/speakers-for-2024-ncte-annual-convention/,,"Boston, MA",Keynote,2026-04-22T15:31:37.658262,high
"Keynote: Ta-Nehisi Coates, author of The Message",NCSS Annual Conference 2024,"November 22, 2024, 11:55am-12:45pm",Ta-Nehisi Coates,,https://penguinrandomhousesecondaryeducation.com/2024/11/04/2024-national-council-for-the-social-studies-ncss-annual-conference/,,"Boston, MA",Keynote,2026-04-22T15:31:37.658267,high
"Keynote: Heather Cox Richardson, author of Democracy Awakening",NCSS Annual Conference 2024,"November 22, 2024, 5:15-6:15pm",Heather Cox Richardson,,https://penguinrandomhousesecondaryeducation.com/2024/11/04/2024-national-council-for-the-social-studies-ncss-annual-conference/,,"Boston, MA",Keynote,2026-04-22T15:31:37.658277,high
"Keynote: Ken Burns, author of Our America",NCSS Annual Conference 2024,"November 24, 2024, 10:30-11:30am",Ken Burns,,https://penguinrandomhousesecondaryeducation.com/2024/11/04/2024-national-council-for-the-social-studies-ncss-annual-conference/,,"Boston, MA",Keynote,2026-04-22T15:31:37.658280,high
AI-Powered Inspiration: Empowering Teachers to Spark Student Engagement,ASCD Annual Conference 2025,,,,https://event.ascd.org/2025/program/search/detail_session.php?id=118099699,,"San Antonio, TX",Session,2026-04-22T15:31:40.425543,high
Middle School Students’ Perspectives on Generative AI: Amazing Yet Terrible!,ASCD Annual Conference 2025,,,,https://event.ascd.org/2025/program/search/detail_session.php?id=118083585,,"San Antonio, TX",Session,2026-04-22T15:31:42.477909,high
Empowering Culturally Responsive and Technologically Responsible Educators: Co-Creating Classroom Innovations,ASCD Annual Conference 2025,,,,https://event.ascd.org/2025/program/search/detail_session.php?id=118110489,,"San Antonio, TX",Session,2026-04-22T15:31:44.261319,high
Visualizing Verbosity: The Utility Of Visualizations to Facilitate More Robust Math Argumentation Within Middle School Math Classrooms,NCTM Annual Meeting & Exposition 2024,"September 25, 2024, 11:30 AM – 12:30 PM",Zachary Alstad | Teresa Lara-Meloy | Ken Rafanan,,https://www.terc.edu/news/terc-staff-presenting-at-nctm-2024/,McCormick Place Room 504a,"Chicago, IL",Round Table Discussions #2,2026-04-22T15:31:44.261352,high
Coach-Teacher Teams Transforming Classroom Practice Using Video and Reflections,NCTM Annual Meeting & Exposition 2024,"September 26, 2024, 11:00 AM – 12:00 PM",Ken Rafanan | Jennifer Knudsen | Teresa Lara-Meloy | Harriette S Stevens,,https://www.terc.edu/news/terc-staff-presenting-at-nctm-2024/,McCormick Place Room 502b,"Chicago, IL",Session,2026-04-22T15:31:44.261358,high
A Student Reflection Tool For Building and Sustaining Equitable Math Learning Communities,NCTM Annual Meeting & Exposition 2024,"September 26, 2024, 1:00 PM – 2:15 PM",Annie Sussman | Marta Garcia,,https://www.terc.edu/news/terc-staff-presenting-at-nctm-2024/,McCormick Place Room N230b,"Chicago, IL",Workshop,2026-04-22T15:31:44.261362,high
Noticing Middle Schoolers Mathematical Arguments During Class Through Video Enhanced Coaching,NCTM Annual Meeting & Exposition 2024,"September 26, 2024, 1:00 PM – 2:00 PM",Teresa Lara-Meloy | Jennifer Knudsen | Ken Rafanan | Harriette S Stevens,,https://www.terc.edu/news/terc-staff-presenting-at-nctm-2024/,McCormick Place Room S404 A,"Chicago, IL",Session,2026-04-22T15:31:44.261375,high
"Questioning, Revising, Backtracking: Essentials of Brilliance in Mathematical Argument",NCTM Annual Meeting & Exposition 2024,"September 27, 2024, 8:00 AM – 9:00 AM",Susan Jo Russell | Deborah Schifter,,https://www.terc.edu/news/terc-staff-presenting-at-nctm-2024/,McCormick Place Room N288,"Chicago, IL",Session,2026-04-22T15:31:44.261378,high
From Pockets of Excellence to Collective Efficacy for Ambitious Instruction,NCTM Annual Meeting & Exposition 2024,"September 27, 2024, 9:30 AM – 10:30 AM",Dr. DeAnn Huinker | Dr. Melissa Hedges | Beth Schefelker | Rhode Marquez | Sara Cruz,,https://www.terc.edu/news/terc-staff-presenting-at-nctm-2024/,McCormick Place Room S406A,"Chicago, IL",Session,2026-04-22T15:31:44.261381,high
"Building Community in the Elementary Math Classroom: Parents, Co-Educators, and Teachers",NCTM Annual Meeting & Exposition 2024,"September 27, 2024, 11:00 AM – 12:00 PM",Judy Storeygard | Lillian Pinet | Charleen Heard | Chenetha Lockett,,https://www.terc.edu/news/terc-staff-presenting-at-nctm-2024/,McCormick Place Room N229,"Chicago, IL",Session,2026-04-22T15:31:44.261384,high
Highlighting Children As Doers of Math: Centering Classroom Discussions on Student Brilliance,NCTM Annual Meeting & Exposition 2024,"September 27, 2024, 1:00 PM – 2:00 PM",Beth Schefelker | DeAnn Huinker,,https://www.terc.edu/news/terc-staff-presenting-at-nctm-2024/,Hyatt Regency A,"Chicago, IL",Session,2026-04-22T15:31:44.261386,high
Humanizing Feedback in Mathematics Teacher Education: A Tuning Protocol Approach,NCTM Annual Meeting & Exposition 2024,"September 25, 2024, 8:30 AM",Dr. Jennifer Wolfe,,https://www.hmhco.com/event/nctm-2024,"McCormick Place, Room S501","Chicago, IL",Author Session,2026-04-22T15:31:44.261389,high
Smart Students Have 'It'. Correction. All Students Have 'It'!: Empowering Student Success in Math,NCTM Annual Meeting & Exposition 2024,"September 26, 2024, 11:00 AM",Dr. Thomasenia Lott Adams,,https://www.hmhco.com/event/nctm-2024,"Lakeside Center, Room E354B","Chicago, IL",Author Session,2026-04-22T15:31:44.261393,high
The Six Secrets To Highly Effective Mathematics Instruction,NCTM Annual Meeting & Exposition 2024,"September 26, 2024, 1:00 PM",Dr. Timothy Kanold,,https://www.hmhco.com/event/nctm-2024,"Lakeside Center, Room E354B","Chicago, IL",Author Session,2026-04-22T15:31:44.261395,high
Multiplication Fact Fluency: A School-Wide Solution,NCTM Annual Meeting & Exposition 2024,"September 26, 2024, 4:00 PM",Dr. Juli Dixon,,https://www.hmhco.com/event/nctm-2024,"McCormick Place, Room N228","Chicago, IL",Author Session,2026-04-22T15:31:44.261398,high
Four Steps to Fix Math Education,NCTM Annual Meeting & Exposition 2024,"September 27, 2024, 11:00 AM",Robert Kaplinsky,,https://www.hmhco.com/event/nctm-2024,"Lakeside Center, Room E354A","Chicago, IL",Author Session,2026-04-22T15:31:44.261401,high
Effective Mathematics Instruction: Cutting Through the Noise,NCTM Annual Meeting & Exposition 2024,"September 28, 2024, 8:00 AM",Dr. Matthew Larson,,https://www.hmhco.com/event/nctm-2024,"McCormick Place, Room N228","Chicago, IL",Author Session,2026-04-22T15:31:44.261403,high
Building Local Capacity for Facilitating Professional Learning to Support Math Instruction,NCTM Annual Meeting & Exposition 2024,"September 26, 2024, 12:00 p.m.",Babette Moeller | Matthew McLeod,The Role of Local Facilitators in Scaling Up a Well-Specified Teacher Professional Learning Program.,https://edc.org/insights/connect-with-edc-at-nctm-2024/,,"Chicago, IL",Session,2026-04-22T15:31:44.261407,high
"Introducing Data Science to Preschoolers with Hands-on, Physical, and Digital Activities",NCTM Annual Meeting & Exposition 2024,"September 26, 2024, 4:30 p.m.",Jessica Young | Ashley Lewis Presser | Emily Braham | Regan Vidiksis,Preschool Data Toolbox - Using digital tools to create child-centered investigations.,https://edc.org/insights/connect-with-edc-at-nctm-2024/,,"Chicago, IL",Session,2026-04-22T15:31:44.261410,high
"Questioning, Revising, Backtracking: Essentials of Brilliance in Mathematical Argument",NCTM Annual Meeting & Exposition 2024,"September 27, 2024, 8:00 a.m.",Deborah Schifter | Susan Jo Russell,Mathematical argument in the elementary classroom.,https://edc.org/insights/connect-with-edc-at-nctm-2024/,,"Chicago, IL",Session,2026-04-22T15:31:44.261413,high
Using Digital Activities and Resources to Engage Preschoolers and Preschool Teachers,NCTM Annual Meeting & Exposition 2024,"September 27, 2024, 8:00 a.m.",Kristen Reed | Ashley Lewis Presser | Jessica Young,Data Collection and Analysis for Preschoolers using digital tools.,https://edc.org/insights/connect-with-edc-at-nctm-2024/,,"Chicago, IL",Session,2026-04-22T15:31:44.261416,high
Making Math Part of Children's Everyday Play,NCTM Annual Meeting & Exposition 2024,"September 27, 2024, 11:30 a.m.",Shakesha Thompson | Kristen Reed | Jessica Young,Young Mathematicians - Connecting home and school through family math.,https://edc.org/insights/connect-with-edc-at-nctm-2024/,,"Chicago, IL",Session,2026-04-22T15:31:44.261419,high
"High-Quality Instructional Materials: Coherent, Equitable, and Knowledge-Building Curricula",NCTM Annual Meeting & Exposition 2024,"September 26, 2024, 8:00 a.m.–9:00 a.m.",,,https://greatminds.org/math/eurekamathsquared/conference/nctm2024,"McCormick Place, Room N139","Chicago, IL",Breakout Session,2026-04-22T15:31:44.261423,high
Mathematical Coherence: A Long-Term Investment in Students and Teachers,NCTM Annual Meeting & Exposition 2024,"September 26, 2024, 9:30 a.m.–10:30 a.m.",,,https://greatminds.org/math/eurekamathsquared/conference/nctm2024,"McCormick Place, Room N139","Chicago, IL",Breakout Session,2026-04-22T15:31:44.261426,high
"The Dynamic Middle: Balancing Procedural Fluency, Conceptual Understanding, and Application",NCTM Annual Meeting & Exposition 2024,"September 26, 2024, 11:00 a.m.–12:00 p.m.",,,https://greatminds.org/math/eurekamathsquared/conference/nctm2024,"McCormick Place, Room N139","Chicago, IL",Breakout Session,2026-04-22T15:31:44.261429,high
Make It Sticky: Knowledge Building in the Mathematics Classroom,NCTM Annual Meeting & Exposition 2024,"September 26, 2024, 1:00 p.m.–2:00 p.m.",,,https://greatminds.org/math/eurekamathsquared/conference/nctm2024,"McCormick Place, Room N139","Chicago, IL",Breakout Session,2026-04-22T15:31:44.261432,high
Show Me Your Way: Connecting Student Thinking During Problem Solving,NCTM Annual Meeting & Exposition 2024,"September 26, 2024, 2:30 p.m.–3:30 p.m.",,,https://greatminds.org/math/eurekamathsquared/conference/nctm2024,"McCormick Place, Room N139","Chicago, IL",Breakout Session,2026-04-22T15:31:44.261435,high
Being Multilingual is a Superpower! Multilingual Learners and Eureka Math2,NCTM Annual Meeting & Exposition 2024,"September 26, 2024, 4:00 p.m.–5:00 p.m.",,,https://greatminds.org/math/eurekamathsquared/conference/nctm2024,"McCormick Place, Room N139","Chicago, IL",Breakout Session,2026-04-22T15:31:44.261437,high
Are We Testing What We Value? A Thought-Provoking Exploration of Our Assessment Practices,NCSM Annual Conference 2024,"September 23, 2024, 1:30 PM – 2:30 PM",Elizabeth 'Betty' Phillips | Alden 'AJ' Edson | Yvonne Slanger-Grant,Ross Taylor/Glenn Gilbert Awardee Lecture,https://prime.natsci.msu.edu/news/2024-NCSM-NCTM-conferences.aspx,"Williford A, Floor 3","Chicago, IL",Awardee Lecture,2026-04-22T15:31:44.261441,high
What Mathematics Is Important in the Third Year of High School Mathematics?,NCSM Annual Conference 2024,"September 23, 2024, 2:45 PM – 3:45 PM",Gail Burrill,,https://prime.natsci.msu.edu/news/2024-NCSM-NCTM-conferences.aspx,"Blvd C, Floor 2","Chicago, IL",Session,2026-04-22T15:31:44.261444,high
Algebra Across the K-12 Curriculum – Why Is Understanding the Progression Important for Teachers?,NCSM Annual Conference 2024,"September 24, 2024, 10:30 AM – 11:30 AM",Gail Burrill,,https://prime.natsci.msu.edu/news/2024-NCSM-NCTM-conferences.aspx,"Williford C, Floor 3","Chicago, IL",Session,2026-04-22T15:31:44.261447,high
A Co-Inquiry to Advance Justification in Algebra II Classrooms,NCTM Annual Meeting & Exposition 2024,"September 25, 2024, 11:30 AM – 12:30 PM",Kristen Bieda,,https://prime.natsci.msu.edu/news/2024-NCSM-NCTM-conferences.aspx,"McCormick Place, Room 504a","Chicago, IL",Research Discussion,2026-04-22T15:31:44.261450,high
Action Research for Productive and Powerful Discourse,NCTM Annual Meeting & Exposition 2024,"September 25, 2024, 2:45 PM – 3:45 PM",Beth Herbel-Eisenmann,,https://prime.natsci.msu.edu/news/2024-NCSM-NCTM-conferences.aspx,"McCormick Place, Room 505a","Chicago, IL",Session,2026-04-22T15:31:44.261453,high
Using Interactive Dynamic Technology to Develop Understanding in Algebra II and Precalculus,NCTM Annual Meeting & Exposition 2024,"September 26, 2024, 8:00 AM – 9:00 AM",Gail Burrill,,https://prime.natsci.msu.edu/news/2024-NCSM-NCTM-conferences.aspx,"McCormick Place, Room 502b","Chicago, IL",Session,2026-04-22T15:31:44.261455,high
Artificial Intelligence in Mathematics Education: Using Machine Learning to Support Learning,NCTM Annual Meeting & Exposition 2024,"September 26, 2024, 1:00 PM – 2:00 PM",AJ Edson | Ashley Fabry | Taren Going | Sunyoung Park,,https://prime.natsci.msu.edu/news/2024-NCSM-NCTM-conferences.aspx,"McCormick Place, Room N229","Chicago, IL",Session,2026-04-22T15:31:44.261458,high
Assessing the 'What' and 'How' of Algebra for the Future,NCTM Annual Meeting & Exposition 2024,"September 27, 2024, 4:00 PM – 5:00 PM",Elizabeth Phillips | AJ Edson | Yvonne Slanger-Grant,,https://prime.natsci.msu.edu/news/2024-NCSM-NCTM-conferences.aspx,"McCormick Place, Room N135","Chicago, IL",Session,2026-04-22T15:31:44.261461,high
Celebrating Students' Mathematical Thinking: Experiencing STEM Problems on Proportional Reasoning,NCTM Annual Meeting & Exposition 2024,"September 28, 2024, 9:45 AM – 11:00 AM",Yvonne Slanger-Grant | AJ Edson,,https://prime.natsci.msu.edu/news/2024-NCSM-NCTM-conferences.aspx,"McCormick Place, Room N426b","Chicago, IL",Workshop,2026-04-22T15:31:44.261464,high
Developing a Machine Learning Rubric for Proportional Reasoning in Digital Curricula,NCTM Annual Meeting & Exposition 2024,"September 28, 2024, 11:00 AM – 12:00 PM",Gail Burrill,,https://prime.natsci.msu.edu/news/2024-NCSM-NCTM-conferences.aspx,"McCormick Place, Room N427d","Chicago, IL",Session,2026-04-22T15:31:44.261467,high
Lighting the Way to Learning: Lessons Developing Algebraic Thinking From Presidential Awardees,NCTM Annual Meeting & Exposition 2024,"September 28, 2024, 11:00 AM – 12:00 PM",Gail Burrill,,https://prime.natsci.msu.edu/news/2024-NCSM-NCTM-conferences.aspx,"McCormick Place, Room S404d","Chicago, IL",President Series Session,2026-04-22T15:31:44.261470,high
Access to Algebra,NCTM Annual Meeting & Exposition 2024,"September 26, 2024",CPS & M-DCPS District Leaders,NMIP district leaders presented on efforts to improve math instruction and support access to algebra.,https://mathimprovement.org/,,"Chicago, IL",Session,2026-04-22T15:31:44.261472,high
Coaching Models,NCTM Annual Meeting & Exposition 2024,"September 26, 2024",HISD & NYCPS District Leaders,NMIP district leaders presented on coaching models for math instruction improvement.,https://mathimprovement.org/,,"Chicago, IL",Session,2026-04-22T15:31:44.261475,high
Scaling HQIM Implementation,NCTM Annual Meeting & Exposition 2024,"September 26, 2024",LAUSD & SDP District Leaders,NMIP district leaders presented on scaling high-quality instructional materials in math.,https://mathimprovement.org/,,"Chicago, IL",Session,2026-04-22T15:31:44.261478,high
NCTM 2024 Regional Conference & Exposition,NCTM Regional Conference & Exposition 2024,"February 7-9, 2024",,,https://www.nctm.org/Seattle2024/,,"Seattle, WA",Conference,2026-04-22T15:31:44.261480,high
From the Personal to the Political and Back: Using Positioning Theory as an Analytic Lens and Potential Tool for Disruption,NCTM Research Conference 2023,"October 25, 2023, 9:30 AM – 10:45 AM",Dr. Beth Herbel-Eisenmann | Dr. Beatriz Quintos,,https://prime.natsci.msu.edu/news/msu-math-ed-at-2023-nctm-and-ncsm.aspx,Walter E. Washington Convention Center Room 202A,"Washington, DC",Research Report,2026-04-22T15:31:44.261483,high
Stats and Tech Literacy: Supporting Student Agency and Identity Using Technology and Real Data,NCTM Research Conference 2023,"October 25, 2023, 3:35 PM",Gail Burrill,,https://prime.natsci.msu.edu/news/msu-math-ed-at-2023-nctm-and-ncsm.aspx,Walter E. Washington Convention Center Room 203AB,"Washington, DC",Research Report,2026-04-22T15:31:44.261486,high
Open Doors for Students by Leveraging the Role of Technology,NCTM Annual Meeting & Exposition 2023,"October 26, 2023, 11:00 AM – 12:00 PM",Gail Burrill,Technology contributes to student success and gives students opportunities to engage in interesting and challenging mathematics.,https://prime.natsci.msu.edu/news/msu-math-ed-at-2023-nctm-and-ncsm.aspx,Walter E. Washington Convention Center Room 146B,"Washington, DC",Session,2026-04-22T15:31:44.261489,high
"Mathematical Practices: The Pathway to Equitable, Rigorous PBL Projects",NCTM Annual Meeting & Exposition 2023,"October 27, 2023, 2:30 PM – 3:30 PM",Sheila Orr | Sarah DiMaria | Carlee Madis,Project-based learning is a powerful tool for students to engage deeply with and see themselves in mathematics.,https://prime.natsci.msu.edu/news/msu-math-ed-at-2023-nctm-and-ncsm.aspx,Walter E. Washington Convention Center Ballroom B,"Washington, DC",Session,2026-04-22T15:31:44.261492,high
President Series: What Does Algebra Look Like across the K-12 Curriculum: Experience the Progression!,NCTM Annual Meeting & Exposition 2023,"October 28, 2023, 11:00 AM – 12:00 PM",Gail Burrill | Regina Kilday | Jana Dean | Lisa Conzemius,Presidential Awardees will share creative ideas for teaching algebra and showing how fundamental algebraic concepts connect throughout a student's career.,https://prime.natsci.msu.edu/news/msu-math-ed-at-2023-nctm-and-ncsm.aspx,Walter E. Washington Convention Center Ballroom A,"Washington, DC",President Series,2026-04-22T15:31:44.261495,high
Let's Take Formative Assessment Seriously,NCSM Annual Conference 2023,"October 31, 2023, 9:15 AM – 10:15 AM",Gail Burrill,Formative assessment is a powerful tool for ensuring that all students have their thinking heard.,https://prime.natsci.msu.edu/news/msu-math-ed-at-2023-nctm-and-ncsm.aspx,"Westin Washington DC, Room 14","Washington, DC",Session,2026-04-22T15:31:44.261498,high
Trending Now: Using the Spies and Analyst Approach to Define What it Means to Go Viral,NCTM Annual Meeting & Exposition 2023,"October 26, 2023, 9:30 AM",Aaron Levy,Program: Into AGA,https://www.hmhco.com/event/nctm-2023,,"Washington, DC",In-Booth Presentation,2026-04-22T15:31:44.261502,high
Dare to Differentiate in your Middle School Classroom,NCTM Annual Meeting & Exposition 2023,"October 26, 2023, 10:00 AM",Aaron Levy,Program: Into Math,https://www.hmhco.com/event/nctm-2023,,"Washington, DC",In-Booth Presentation,2026-04-22T15:31:44.261506,high
The Power of Gamification,NCTM Annual Meeting & Exposition 2023,"October 26, 2023, 10:30 AM",Rachel Hester,Program: Waggle,https://www.hmhco.com/event/nctm-2023,,"Washington, DC",In-Booth Presentation,2026-04-22T15:31:44.261509,high
Math 180 Flex: Intervention in the CORE Classroom,NCTM Annual Meeting & Exposition 2023,"October 26, 2023, 2:30 PM",Mike Wagner,Program: Math 180,https://www.hmhco.com/event/nctm-2023,,"Washington, DC",In-Booth Presentation,2026-04-22T15:31:44.261511,high
Unlocking Understanding: Using Language Routines in the Math Classroom,NCTM Annual Meeting & Exposition 2023,"October 26, 2023, 3:00 PM",Margaret Seclen,Program: Go Math!,https://www.hmhco.com/event/nctm-2023,,"Washington, DC",In-Booth Presentation,2026-04-22T15:31:44.261514,high
The Power of Gamification (repeat),NCTM Annual Meeting & Exposition 2023,"October 26, 2023, 3:30 PM",Rachel Hester,Program: Waggle,https://www.hmhco.com/event/nctm-2023,,"Washington, DC",In-Booth Presentation,2026-04-22T15:31:44.261517,high
Connect with an HMH Coach,NCTM Annual Meeting & Exposition 2023,"October 26, 2023, 4:00 PM",Michelle Tan,Program: Professional Learning,https://www.hmhco.com/event/nctm-2023,,"Washington, DC",In-Booth Presentation,2026-04-22T15:31:44.261520,high
Connect with an HMH Coach,NCTM Annual Meeting & Exposition 2023,"October 27, 2023, 11:30 AM",Michelle Tan,Program: Professional Learning,https://www.hmhco.com/event/nctm-2023,,"Washington, DC",In-Booth Presentation,2026-04-22T15:31:44.261523,high
"Supporting Students with Learning Disabilities: Math 180, CASE-Endorsed Intensive Intervention",NCTM Annual Meeting & Exposition 2023,"October 27, 2023, 1:30 PM",Mike Wagner,Program: Math 180,https://www.hmhco.com/event/nctm-2023,,"Washington, DC",In-Booth Presentation,2026-04-22T15:31:44.261526,high
The Power of Gamification,NCTM Annual Meeting & Exposition 2023,"October 27, 2023, 2:00 PM",Rachel Hester,Program: Waggle,https://www.hmhco.com/event/nctm-2023,,"Washington, DC",In-Booth Presentation,2026-04-22T15:31:44.261529,high
Unlocking Understanding: Using Language Routines in the Math Classroom,NCTM Annual Meeting & Exposition 2023,"October 27, 2023, 2:30 PM",Margaret Seclen,Program: Go Math!,https://www.hmhco.com/event/nctm-2023,,"Washington, DC",In-Booth Presentation,2026-04-22T15:31:44.261531,high
Adaptive Practice Made Easy with Waggle!,NCTM Annual Meeting & Exposition 2023,"October 27, 2023, 3:00 PM",Margaret Seclen,Program: Waggle,https://www.hmhco.com/event/nctm-2023,,"Washington, DC",In-Booth Presentation,2026-04-22T15:31:44.261534,high
Problem Solving with Math in Focus,NCTM Annual Meeting & Exposition 2023,"October 27, 2023, 3:30 PM",Aaron Levy,Program: Math in Focus,https://www.hmhco.com/event/nctm-2023,,"Washington, DC",In-Booth Presentation,2026-04-22T15:31:44.261537,high
Dare to Differentiate in your Middle School Classroom,NCTM Annual Meeting & Exposition 2023,"October 27, 2023, 4:00 PM",Aaron Levy,Program: Into Math,https://www.hmhco.com/event/nctm-2023,,"Washington, DC",In-Booth Presentation,2026-04-22T15:31:44.261539,high
"Empower or Bust in the Mathematics Classroom: Affirmations, Engagement, Content, and Relationships with Students",NCTM Annual Meeting & Exposition 2023,"October 26, 2023, 9:45 AM",Dr. Thomasenia Lott Adams,,https://www.hmhco.com/event/nctm-2023,"Convention Center, Room 149AB","Washington, DC",Author Session,2026-04-22T15:31:44.261543,high
Trying to Find Your Way in Mathematics Education: Thomasenia Adams and Juli Dixon Share Their Journeys,NCTM Annual Meeting & Exposition 2023,"October 27, 2023, 1:00 PM",Dr. Thomasenia Lott Adams | Dr. Juli Dixon,,https://www.hmhco.com/event/nctm-2023,Archives,"Washington, DC",Author Session,2026-04-22T15:31:44.261545,high
Reinventing Mathematics Intervention: Making Time for Understanding,NCTM Annual Meeting & Exposition 2023,"October 26, 2023, 4:00 PM",Dr. Juli Dixon,,https://www.hmhco.com/event/nctm-2023,Ballroom A,"Washington, DC",Author Session,2026-04-22T15:31:44.261549,high
Rehumanizing Mathematics: A Vision for the Future,NCTM Annual Meeting & Exposition 2023,"October 25-28, 2023",Dr. Rochelle Gutiérrez,,https://steamspirationshub.com/blogs/news/stem-education-conferences-top-5-to-attend-in-2023,,"Washington, DC",Keynote,2026-04-22T15:31:44.261552,high
Mathematical Mindsets: The Key to Equitable and Joyful Math Learning,NCTM Annual Meeting & Exposition 2023,"October 25-28, 2023",Dr. Jo Boaler,,https://steamspirationshub.com/blogs/news/stem-education-conferences-top-5-to-attend-in-2023,,"Washington, DC",Keynote,2026-04-22T15:31:44.261555,high
Creating Projects for the Planet: Climate Action Education for PK-12 Classrooms,ISTE Live 2023,"June 28, 2023, 10:30am ET",Take Action Global,,https://www.takeactionglobal.org/lets-take-action-at-istelive-2023/,,"Philadelphia, PA",Session,2026-04-22T15:31:44.261561,high
Teach Boldly Resource Share: Using Edtech for Social Good,ISTE Live 2023,"June 26, 2023, 12:30pm ET",Take Action Global,,https://www.takeactionglobal.org/lets-take-action-at-istelive-2023/,,"Philadelphia, PA",Session,2026-04-22T15:31:44.261564,high
Connecting with Global Classrooms: Using Virtual Exchange for International and Interdisciplinary Collaborations,ISTE Live 2023,"June 27, 2023, 11:30am ET",Take Action Global,,https://www.takeactionglobal.org/lets-take-action-at-istelive-2023/,,"Philadelphia, PA",Session,2026-04-22T15:31:44.261567,high
Global Collaboration Playground: Passport to Social Good,ISTE Live 2023,"June 28, 2023, 9:00am ET",Take Action Global,,https://www.takeactionglobal.org/lets-take-action-at-istelive-2023/,,"Philadelphia, PA",Session,2026-04-22T15:31:44.261569,high
ISTE Books Open House: Meet Your Favorite Authors featuring Teach Boldly,ISTE Live 2023,"June 26, 2023, 3:00pm ET",Jennifer Williams,,https://www.takeactionglobal.org/lets-take-action-at-istelive-2023/,,"Philadelphia, PA",Session,2026-04-22T15:31:44.261572,high
Technology for Good: Using Educational Technology to Drive Social Change,ISTE Live 2023,"June 26, 2023, 4:00pm ET",Take Action Global,,https://www.takeactionglobal.org/lets-take-action-at-istelive-2023/,,"Philadelphia, PA",Session,2026-04-22T15:31:44.261574,high
Tales from the Field: Empowering Student-Led Learning Using BrainPOP,ISTE Live 2024,"June 24, 2024, 9:30-9:45 AM",Rayna Freedman,,https://go.brainpop.com/iste2024,,"Denver, CO",In-Booth Session,2026-04-22T15:31:44.261579,high
Science of Reading and BrainPOP's New Literacy Focus,ISTE Live 2024,"June 24, 2024, 10:00-10:15 AM",BrainPOP Team,,https://go.brainpop.com/iste2024,,"Denver, CO",In-Booth Session,2026-04-22T15:31:44.261582,high
Empowering Students through Engineering Design,ISTE Live 2024,"June 24, 2024, 10:30-10:45 AM",Nick Provenzano,,https://go.brainpop.com/iste2024,,"Denver, CO",In-Booth Session,2026-04-22T15:31:44.261585,high
Level the Playing Field: Differentiate Your Lessons with BrainPOP 3-8+,ISTE Live 2024,"June 24, 2024, 11:00-11:15 AM",BrainPOP Team,,https://go.brainpop.com/iste2024,,"Denver, CO",In-Booth Session,2026-04-22T15:31:44.261588,high
"Tim, Moby, and the Power of a Pause",ISTE Live 2024,"June 24, 2024, 11:30-11:45 AM",BrainPOP Team,,https://go.brainpop.com/iste2024,,"Denver, CO",In-Booth Session,2026-04-22T15:31:44.261590,high
Reporting with a Reason: Harness the Power of Teacher Reports in BrainPOP 3-8+,ISTE Live 2024,"June 24, 2024, 12:00-12:15 PM",BrainPOP Team,,https://go.brainpop.com/iste2024,,"Denver, CO",In-Booth Session,2026-04-22T15:31:44.261593,high
Playful with a Purpose: Exploring BrainPOP Jr. for K-3,ISTE Live 2024,"June 24, 2024, 12:30-12:45 PM",BrainPOP Team,,https://go.brainpop.com/iste2024,,"Denver, CO",In-Booth Session,2026-04-22T15:31:44.261597,high
Multilingual and Multimodal: Supporting ELL Students in BrainPOP 3-8+,ISTE Live 2024,"June 24, 2024, 1:00-1:15 PM",BrainPOP Team,,https://go.brainpop.com/iste2024,,"Denver, CO",In-Booth Session,2026-04-22T15:31:44.261599,high
Empowering Scientific Minds: The Vital Role of CERs in Fostering Scientific Reasoning,ISTE Live 2024,"June 24, 2024, 2:30-3:00 PM",Dr. Melissa Hogan | Dr. Michelle Newstadt,,https://go.brainpop.com/iste2024,,"Denver, CO",In-Booth Session,2026-04-22T15:31:44.261602,high
ISTE Seal: BrainPOP Science Poster Session,ISTE Live 2024,"June 24, 2024, 4:00 PM",Dr. Michelle Newstadt,,https://go.brainpop.com/iste2024,,"Denver, CO",In-Booth Session,2026-04-22T15:31:44.261604,high
ISTE Seal: BrainPOP 3-8+ Poster Session,ISTE Live 2024,"June 25, 2024, 1:00 PM",Dr. Barbara Hubert,,https://go.brainpop.com/iste2024,,"Denver, CO",In-Booth Session,2026-04-22T15:31:44.261607,high
"5D Assessment: Using student interest and identity to design meaningful, phenomenon-driven assessment opportunities",NSTA National Conference 2024,"November 8, 2024, 10:40 AM – 11:40 AM",Elaine Klein,Learn how student interest and identity are co-equal dimensions when designing phenomenon-driven assessments aligned to NGSS.,https://bscs.org/resources/nsta-2024-new-orleans/,New Orleans Ernest N. Morial Convention Center – 272,"New Orleans, LA",Hands-On Workshop,2026-04-22T15:31:44.261610,high
OpenSciEd for Elementary is HERE!,NSTA National Conference 2024,"November 6, 2024, 8:15 AM – 3:15 PM",Susan Gomez Zwiep | Janna Mahfoud | Yanira Vazquez,Learn about the new OpenSciEd program for elementary grades. Supports three-dimensional science learning for all students.,https://bscs.org/resources/nsta-2024-new-orleans/,Hilton New Orleans Riverside – Canal,"New Orleans, LA",Professional Learning Institute,2026-04-22T15:31:44.261613,high
Leadership for Evaluating and Selecting Instructional Materials Using NextGen TIME,NSTA National Conference 2024,"November 7, 2024, 8:00 AM – 9:00 AM",Jenine Cotton-Proby,NextGen TIME supports districts in evaluating instructional materials for quality and design for the Next Generation Science Standards.,https://bscs.org/resources/nsta-2024-new-orleans/,New Orleans Ernest N. Morial Convention Center – 267,"New Orleans, LA",Presentation,2026-04-22T15:31:44.261616,high
Engaging All Students in STEM,NSTA National Conference 2024,"November 7, 2024, 2:20 – 3:20 pm",Teach Engineering Staff,Learn how engineering design and design thinking can enhance K-12 student engagement and integrate engineering concepts with hands-on science activities.,https://ncwit.org/event/teach-engineering-nsta-2024/,New Orleans Ernest N. Morial Convention Center – 293,"New Orleans, LA",Workshop,2026-04-22T15:31:44.261619,high
Speed Sharing: Empowering Middle School Teachers,NSTA National Conference 2024,"November 8, 2024, 1:20 – 2:20 pm",Teach Engineering Staff,Free online STEM resources from the Teach Engineering Digital Library for formal and informal educators.,https://ncwit.org/event/teach-engineering-nsta-2024/,New Orleans Ernest N. Morial Convention Center – 278,"New Orleans, LA",Speed Sharing,2026-04-22T15:31:44.261622,high
Poster: Standards-Aligned STEM Resources,NSTA National Conference 2024,"November 9, 2024, 12 – 1 pm",Teach Engineering Staff,"Teach Engineering provides free STEM resources that are educator-created, classroom-tested, peer-reviewed and NGSS-aligned.",https://ncwit.org/event/teach-engineering-nsta-2024/,Convention Center Exhibit Hall – Poster Session Aisle,"New Orleans, LA",Poster,2026-04-22T15:31:44.261625,high
How to Create Three-Dimensional Assessment Tasks,NSTA National Conference 2024,"March 20, 2024, 8:00 a.m.–3:15 p.m.",Joseph Krajcik | Christopher Harris,Short Course Session - Research to Practice strand.,https://www.wested.org/event/nsta-2024/,Colorado Convention Center – 107/109,"Denver, CO",Short Course,2026-04-22T15:31:44.261628,high
Needs Sensing During Curriculum Implementation: Gathering and Incorporating Feedback from Teachers to Improve Instruction,NSTA National Conference 2024,"March 21, 2024, 2:45 p.m.–4:15 p.m.",Vanessa Wolbrink | Jenny Sarna | Andy Weatherhead,Leadership and Advocacy strand.,https://www.wested.org/event/nsta-2024/,Hyatt Regency Denver – Capitol Ballroom 1,"Denver, CO",Presentation,2026-04-22T15:31:44.261630,high
Science Notebooks as Tools for Guiding Instruction Around Students' Ideas,NSTA National Conference 2024,"March 22, 2024, 9:20 a.m.–10:20 a.m.",Jill Grace | Jill Wertheim,Hands-On Workshop - Instruction and Assessment: Implementing Standards strand.,https://www.wested.org/event/nsta-2024/,Colorado Convention Center – 210/212,"Denver, CO",Hands-On Workshop,2026-04-22T15:31:44.261633,high
"Maps, Scatterplots, Histograms, and More: Leveraging NASA Data to Explore Wildfires",NSTA National Conference 2024,"March 22, 2024, 1:20 p.m.–2:20 p.m.",Karen Lionberger | Sara Salisbury,Teaching Strategies and Classroom Practice strand.,https://www.wested.org/event/nsta-2024/,Colorado Convention Center – Bluebird Ballroom 3H,"Denver, CO",Hands-On Workshop,2026-04-22T15:31:44.261636,high
Asset-Based 3D Assessment Using Ambitious Science Teaching (AST) to Drive Equitable Teaching and Learning,NSTA National Conference 2024,"March 22, 2024, 4:00 p.m.–5:00 p.m.",Jill Wertheim,Instruction and Assessment: Implementing Standards strand.,https://www.wested.org/event/nsta-2024/,Colorado Convention Center – Bluebird Ballroom 3E,"Denver, CO",Hands-On Workshop,2026-04-22T15:31:44.261639,high
Using Photographs and Data Stories to Support Data Science in STEM,NSTA National Conference 2024,"March 22, 2024, 4:00 p.m.–5:00 p.m.",Leticia Perez,Instruction and Assessment: Implementing Standards strand.,https://www.wested.org/event/nsta-2024/,Colorado Convention Center – Bluebird Ballroom 3F,"Denver, CO",Hands-On Workshop,2026-04-22T15:31:44.261647,high
Climate Justice Overview: Priority Areas and Educational Approaches,NSTA National Conference 2024,"November 7, 2024, 8:00-9:00 AM",Philip Bell | Kelsie Fowler | Deb Morrison | Nancy Price,Science education has a key role to play in supporting a just response to the climate crisis.,https://stemteachingtools.org/news/2024/nsta-nola-2024,Ernest N. Morial Convention Center - 276,"New Orleans, LA",Session,2026-04-22T15:31:44.261650,high
"Teaching about the Intersections of Biology, Race, and Racism: Strategies, Curriculum Resources, and Research",NSTA National Conference 2024,"November 7, 2024, 1:00-2:00 PM",Jeanne Chowning | Michal Robinson | Deb Morrison | Kelsie Fowler,Participants will examine resources for engaging students in respectful and productive activity that contrast the social construct of race with scientific understandings of genetics.,https://stemteachingtools.org/news/2024/nsta-nola-2024,Ernest N. Morial Convention Center - 276,"New Orleans, LA",Session,2026-04-22T15:31:44.261654,high
Organizing Small Group Classroom Talk to Hear All Students' Ideas: Equity-focused 3D Formative Assessment Through Talk,NSTA National Conference 2024,"November 7, 2024, 2:20-3:20 PM",Deb Morrison | Kelsie Fowler,Talk strategies specifically designed for improving classroom equity while engaging in STEM learning experiences.,https://stemteachingtools.org/news/2024/nsta-nola-2024,Ernest N. Morial Convention Center - 276,"New Orleans, LA",Workshop,2026-04-22T15:31:44.261656,high
How to Adapt Instructional Materials to Focus on Climate Justice (Physics),NSTA National Conference 2024,"November 7, 2024, 3:40-4:40 PM",Kelsie Fowler | Philip Bell,How instructional materials can be adapted for local contexts to elevate issues of climate justice and ethical responses to the climate crisis.,https://stemteachingtools.org/news/2024/nsta-nola-2024,Ernest N. Morial Convention Center - 276,"New Orleans, LA",Session,2026-04-22T15:31:44.261659,high
World's 1st Indoor Skydiving Robotics Program for Girls and Gender Expansive Youth,NSTA National Conference 2023,"March 22-25, 2023",Kenny Bae,Developing and piloting the world's first skydiving robot competition program specifically designed for girls and gender-expansive youth ages 9-18.,https://ubtecheducation.com/nsta-2023-presentation-teacher-ambassador-kenny-bae/,,"Atlanta, GA",Presentation,2026-04-22T15:31:44.261662,high
"Re-envisioning the Conditions of Writing Workshop in Order to Teach to Student Need, Equity, and Social Justice",NCTE Annual Convention 2024,"November 22, 2024",Doug Kaufman | Tracey Lafayette,Empowering students with writing.,https://twowritingteachers.org/2024/11/25/reflections-from-ncte-2024/,,"Boston, MA",Session,2026-04-22T15:31:44.261665,high
Project-Based Research for Student Achievement,NCTE Annual Convention 2024,"November 22, 2024",Lauren Malanka | Dana Maloney,Presented at the NCTE Convention on fostering student achievement through project-based research.,https://thetenaflyecho.com/25959/showcase/mrs-malanka-presents-at-2024-ncte-convention/,,"Boston, MA",Session,2026-04-22T15:31:44.261668,high
"""It's About Time"": Centering, Supporting, and Learning from HBCUs and Black Brilliance at NCTE",NCTE Annual Convention 2024,"November 22, 2024",Dr. Valerie Kinloch,Featured session on centering HBCUs and Black brilliance in literacy education.,https://ncte.org/wp-content/uploads/2024_NCTE_Annual_Report.pdf,,"Boston, MA",Featured Session,2026-04-22T15:31:44.261671,high
Sustaining Youth Voice in NCTE and Beyond: An Opening Dialogue,NCTE Annual Convention 2024,"November 23, 2024",Limarys Caraballo | Lauren Leigh Kelly | Nicole Mirra | Leigh Patel | Estrella Torrez | Vaughn Watson,Intergenerational speculative session on youth engagement and leadership at NCTE.,https://ncte.org/wp-content/uploads/2024_NCTE_Annual_Report.pdf,,"Boston, MA",Session,2026-04-22T15:31:44.261674,high
"Toward Solidarity/Beyond Solidarity: (Re)Envisioning Conexiones in Research and Teaching with Black, Asian, Latinx, and Indigenous Communities",NCTE Annual Convention 2024,"November 23, 2024",Jin Kyeong Jung | Vaughn Watson | Alice Lee | Yolanda Sealey-Ruiz | Danny Martinez | Grace Player,Educators and researchers showcased how communities move toward solidarity with youth and immigrant communities.,https://ncte.org/wp-content/uploads/2024_NCTE_Annual_Report.pdf,,"Boston, MA",Session,2026-04-22T15:31:44.261677,high
"Black Teacher Educators Centering Black Intellectualism and Humanity in Their Theory, Pedagogy, & Praxis",NCTE Annual Convention 2024,"November 23, 2024",Brooke Harris Gara | Wintre Foxworth Johnson | Davena Jackson | Justin Coles,Black teacher educators explore how they make Black intellectual thought prominent in their teaching.,https://ncte.org/wp-content/uploads/2024_NCTE_Annual_Report.pdf,,"Boston, MA",Session,2026-04-22T15:31:44.261680,high
Youth Ingenuity and Artificial Intelligence,NCTE Annual Convention 2024,"November 24, 2024",Jennifer Higgs | Clifford Lee | Jose Lizarraga | Anna Smith,Exploring the intersection of youth creativity and artificial intelligence in literacy education.,https://ncte.org/wp-content/uploads/2024_NCTE_Annual_Report.pdf,,"Boston, MA",Session,2026-04-22T15:31:44.261683,high
NCTE-NCTM Joint Conference on Elementary Literacy & Mathematics,NCTE-NCTM Joint Conference 2024,"June 17-19, 2024",,,https://www.nctm.org/ncte24/,,"New Orleans, LA",Conference,2026-04-22T15:31:44.261685,high
Understanding by Design: Creating High-Quality Units,ASCD Annual Conference 2024,March 2024,Jay McTighe,,https://event.ascd.org/2024/program/search/,,"Washington, DC",Workshop,2026-04-22T15:31:44.261688,high
Empowering Culturally Responsive Teaching with Educational Technology,ASCD Annual Conference 2025,"June 29, 2025",,,https://event.ascd.org/2025/program/search/detail_session.php?id=118110489,,"San Antonio, TX",Workshop,2026-04-22T15:31:44.261691,high
NCSS 104th Annual Conference,NCSS Annual Conference 2024,"November 22-24, 2024",,,https://www.socialstudies.org/,,"Boston, MA",Conference,2026-04-22T15:31:44.261694,high
Media Arts in STEAM Education,ISTE Live 2024,"June 23-26, 2024",Barbara Liedahl,,https://www.mediaartsedu.org/news,,"Denver, CO",Session,2026-04-22T15:31:44.261697,high
"Artificial Intelligence in Special Education: Paradigms, Programs, and Possibilities",ISTE Live 2024,June 2024,Eleazar Vasquez | James Basham | Amit Kishore | John Britten | Thomas Courchaine,Invited Panel Discussion on AI in Special Education at ISTE 2024.,https://specialedu.ku.edu/sites/specialedu/files/attached-files/T_Vasquez-08-19-25.pdf,,"Denver, CO",Panel,2026-04-22T15:31:44.261700,high
Adapting Lesson Study to Enhance Tutors' Understanding of Professional Knowledge for Tutoring,NCTM Research Conference 2024,"September 25-27, 2024",J. Barrett | J. Kang | C. Zuiderveen | C. Borders | C.A. Courtad,,https://education.illinoisstate.edu/downloads/2024%20Scholarship%20and%20Research%20Report%20FINAL%20022725.pdf,,"Chicago, IL",Research Report,2026-04-22T15:31:44.261703,high
ELATE Luncheon with Ijeoma Oluo,NCTE Annual Convention 2024,"November 22, 2024, 11:30am-1:30pm",Ijeoma Oluo,Author of So You Want to Talk about Race and Mediocre: The Dangerous Legacy of White Male America.,https://ncte.org/wp-content/uploads/2024_NCTE_Annual_Report.pdf,,"Boston, MA",Luncheon,2026-04-22T15:33:04.662516,high
Critical Issues in English Education: Research by ELATE Research Grant and Award Winners,NCTE Annual Convention 2024,"November 23, 2024, 8:15-9:30am",,Special session featuring research by ELATE grant and award winners.,https://ncte.org/wp-content/uploads/2024_NCTE_Annual_Report.pdf,,"Boston, MA",Session,2026-04-22T15:33:04.662581,high
Science without Borders - Collaborating to Connect Students to Africa,NSTA National Conference 2023,March 2023,STEM4Real Team,Collaborating to connect students to Africa through science education.,https://stem4real.org/speaking/,,"Atlanta, GA",Presentation,2026-04-22T15:33:04.662584,high
Is Science a Right or Privilege for Those Kids?,NSTA National Conference 2023,March 2023,STEM4Real Team,Equity-focused science education presentation.,https://stem4real.org/speaking/,,"Atlanta, GA",Presentation,2026-04-22T15:33:04.662586,high
Leading Science Through an Equity-Based MTSS Framework,NSELA/NSTA Leadership Summit 2023,March 2023,STEM4Real Team,Leadership summit presentation on equity-based MTSS in science.,https://stem4real.org/speaking/,,"Atlanta, GA",Presentation,2026-04-22T15:33:04.662588,high
"Recognize, Dismantle, Rebuild: Using the MTSS Framework to Lead 4 Justice in STEM",CAST UDL Symposium 2023,July 2023,STEM4Real Team,"Presentation at the 9th Annual CAST UDL Symposium in Denver, CO.",https://stem4real.org/speaking/,,"Denver, CO",Presentation,2026-04-22T15:33:04.662592,high
Students with Abilities in Science! Using Science to Drive Special Education Achievement,NSTA National Conference 2022,March 2022,STEM4Real Team,Presentation on using science to drive special education achievement.,https://stem4real.org/speaking/,,"Houston, TX",Presentation,2026-04-22T15:33:04.662594,high
NSTA National Conference on Science Education 2022,NSTA National Conference 2022,March 2022,,"NSTA National Conference held in Houston, TX.",https://www.nsta.org/,,"Houston, TX",Conference,2026-04-22T15:33:04.662596,high
NCSS 103rd Annual Conference,NCSS Annual Conference 2023,December 2023,,"NCSS Annual Conference held in Nashville, TN.",https://www.socialstudies.org/,,"Nashville, TN",Conference,2026-04-22T15:33:04.662598,high
ASCD Annual Conference 2023,ASCD Annual Conference 2023,March 2023,,ASCD Annual Conference.,https://www.ascd.org/,,"Denver, CO",Conference,2026-04-22T15:33:04.662600,high
ISTE Live 2022,ISTE Live 2022,June 2022,,"ISTE Conference in New Orleans, LA.",https://www.iste.org/,,"New Orleans, LA",Conference,2026-04-22T15:33:04.662602,high
NCTM Annual Meeting & Exposition 2022,NCTM Annual Meeting & Exposition 2022,September 2022,,"NCTM Annual Meeting in Los Angeles, CA.",https://www.nctm.org/,,"Los Angeles, CA",Conference,2026-04-22T15:33:04.662604,high
NCTM Annual Meeting & Exposition 2021,NCTM Annual Meeting & Exposition 2021,April 2021,,Virtual NCTM Annual Meeting.,https://www.nctm.org/,,Virtual,Conference,2026-04-22T15:33:04.662606,high
Creating Classrooms of Data Doers,NCTM Webinar 2024,"April 18, 2024",Hollylynne Lee | Anna Bargagliotti | Donna LaLonde,Webinar on creating classrooms of data doers. Sponsor: NCTM.,https://research.ced.ncsu.edu/esteemhub/events-and-professional-learning/,,Virtual,Webinar,2026-04-22T15:33:04.662608,high
Passport to Potential: K-12 Data Literacy Worldwide,DS4E Webinar 2024,"January 24, 2024",Mayuri Dhumal | Fatuma Farrah | Wesley Hedgepeth | Hollylynne Lee,Webinar on K-12 data literacy worldwide.,https://research.ced.ncsu.edu/esteemhub/events-and-professional-learning/,,Virtual,Webinar,2026-04-22T15:33:04.662609,high
The Growing Role of Statistics and Data Science in Grades 6-12 Education,AMTE Webinar 2023,"October 12, 2023",Stephanie Casey | Rick Hudson | Hollylynne Lee | Gemma Mojica,Implications for Mathematics Teacher Educators. Sponsor: AMTE.,https://research.ced.ncsu.edu/esteemhub/events-and-professional-learning/,,Virtual,Webinar,2026-04-22T15:33:04.662614,high
Using CODAP to Teach Statistics and Data Concepts,Global Math Department Webinar 2023,"March 21, 2023",Hollylynne Lee,Webinar on using CODAP to teach statistics and data concepts.,https://research.ced.ncsu.edu/esteemhub/events-and-professional-learning/,,Virtual,Webinar,2026-04-22T15:33:04.662616,high
NCTE Annual Convention 2023,NCTE Annual Convention 2023,November 2023,,"NCTE Annual Convention in Columbus, OH.",https://www.ncte.org/,,"Columbus, OH",Conference,2026-04-22T15:33:04.662618,high
NSTA National Conference 2025,NSTA National Conference 2025,March 2025,,"NSTA National Conference in Philadelphia, PA.",https://www.nsta.org/,,"Philadelphia, PA",Conference,2026-04-22T15:33:04.662620,high
NCSS Annual Conference 2025,NCSS Annual Conference 2025,November 2025,,"NCSS Annual Conference in Chicago, IL.",https://www.socialstudies.org/,,"Chicago, IL",Conference,2026-04-22T15:33:04.662621,high
ASCD Annual Conference 2025,ASCD Annual Conference 2025,"June 29-July 2, 2025",,"ASCD Annual Conference in San Antonio, TX.",https://www.ascd.org/,,"San Antonio, TX",Conference,2026-04-22T15:33:04.662623,high
NCTE Annual Convention 2022,NCTE Annual Convention 2022,November 2022,,"NCTE Annual Convention in Anaheim, CA.",https://www.ncte.org/,,"Anaheim, CA",Conference,2026-04-22T15:33:04.662625,high
NSTA National Conference 2024 Chicago,NSTA National Conference 2024,March 2024,,"NSTA National Conference on Science Education in Chicago, IL.",https://www.nsta.org/,,"Chicago, IL",Conference,2026-04-22T15:33:04.662627,high
Moving NC Forward in Teaching Statistics and Data Science 2024 Regional Conference,NCTM Regional Conference 2024,"June 13, 2024",,Educators connected with NC colleagues teaching statistics and data science at the high school and college levels.,https://research.ced.ncsu.edu/esteemhub/events-and-professional-learning/,Friday Institute,"Raleigh, NC",Conference,2026-04-22T15:33:47.211963,high
Tales from the Field: Empowering Student-Led Learning Using BrainPOP,ISTE Live 2024,"June 24, 2024, 9:30-9:45 AM",Rayna Freedman,Certified BrainPOP Educator creates a student-centered classroom by empowering students to lead their own learning.,https://go.brainpop.com/iste2024,BrainPOP Booth,"Denver, CO",In-Booth Session,2026-04-22T15:33:47.211982,high
Science of Reading and BrainPOP's New Literacy Focus,ISTE Live 2024,"June 24, 2024, 10:00-10:15 AM",BrainPOP Team,Exploring the convergence of the Science of Reading and Universal Design for Learning.,https://go.brainpop.com/iste2024,BrainPOP Booth,"Denver, CO",In-Booth Session,2026-04-22T15:33:47.211985,high
Empowering Students through Engineering Design,ISTE Live 2024,"June 24, 2024, 10:30-10:45 AM",Nick Provenzano,Engineering design strategies grounded in inquiry-based science using BrainPOP Science and Engineering Projects.,https://go.brainpop.com/iste2024,BrainPOP Booth,"Denver, CO",In-Booth Session,2026-04-22T15:33:47.211987,high
What can I learn from them instead of what should I teach them?,NCTE Annual Convention 2024,"November 22, 2024",Katie Egan Cunningham,Session challenging attendees to approach students with a mindset of what can I learn from them.,https://twowritingteachers.org/2024/11/25/reflections-from-ncte-2024/,,"Boston, MA",Session,2026-04-22T15:33:47.211990,high
NCSM Annual Conference 2022,NCSM Annual Conference 2022,September 2022,,"NCSM Annual Conference in Anaheim, CA.",https://www.mathedleadership.org/,,"Anaheim, CA",Conference,2026-04-22T15:33:47.211995,high
NCTM Annual Meeting & Exposition 2025,NCTM Annual Meeting & Exposition 2025,September 2025,,"Upcoming NCTM Annual Meeting in Chicago, IL.",https://www.nctm.org/,,"Chicago, IL",Conference,2026-04-22T15:33:47.211997,high
ISTE Live 2025,ISTE Live 2025,"June 29-July 2, 2025",,"ISTE Conference in San Antonio, TX.",https://www.iste.org/,,"San Antonio, TX",Conference,2026-04-22T15:33:47.211999,high
NSTA National Conference 2021,NSTA National Conference 2021,April 2021,,Virtual NSTA National Conference.,https://www.nsta.org/,,Virtual,Conference,2026-04-22T15:33:47.212001,high
NCTE Annual Convention 2021,NCTE Annual Convention 2021,November 2021,,"NCTE Annual Convention in Louisville, KY.",https://www.ncte.org/,,"Louisville, KY",Conference,2026-04-22T15:33:47.212003,high
NCSS Annual Conference 2021,NCSS Annual Conference 2021,December 2021,,"NCSS Annual Conference in Minneapolis, MN.",https://www.socialstudies.org/,,"Minneapolis, MN",Conference,2026-04-22T15:33:47.212004,high
ASCD Annual Conference 2021,ASCD Annual Conference 2021,March 2021,,Virtual ASCD Annual Conference.,https://www.ascd.org/,,Virtual,Conference,2026-04-22T15:33:47.212006,high
NCTM Annual Meeting & Exposition 2020,NCTM Annual Meeting & Exposition 2020,October 2020,,Virtual NCTM Annual Meeting.,https://www.nctm.org/,,Virtual,Conference,2026-04-22T15:33:47.212008,high
NSTA National Conference 2020,NSTA National Conference 2020,April 2020,,"NSTA National Conference in Boston, MA (cancelled/virtual).",https://www.nsta.org/,,"Boston, MA",Conference,2026-04-22T15:33:47.212010,high
NCTM Research Conference 2024,NCTM Research Conference 2024,"September 25-27, 2024",,"NCTM Research Conference in Chicago, IL.",https://www.nctm.org/,,"Chicago, IL",Conference,2026-04-22T15:33:47.212012,high
NCTE Awards Session,NCTE Annual Convention 2024,"November 23, 2024, 5:45-7:00 PM",,NCTE Leadership Award Recipients honored during a ceremony.,https://ncte.org/press-updates/2024-ncte-leadership-award-recipients/,,"Boston, MA",Awards Session,2026-04-22T15:33:47.212016,high
ASCD Leadership Summit 2024,ASCD Leadership Summit 2024,"October 18-24, 2024",,"ASCD Leadership Summit in Nashville, TN.",https://events.ascd.org/proposals,,"Nashville, TN",Conference,2026-04-22T15:33:47.212018,high
NCSM Virtual Summit 2025,NCSM Virtual Summit 2025,January 2025,Dr. India White,Virtual summit featuring Dr. India White on equity and culture in mathematics education.,https://www.mathedleadership.org/ncsm-virtual-summit-2025/,,Virtual,Virtual Summit,2026-04-22T15:33:47.212020,high
Weaving a Mat that Seats Many: How to Cultivate Instructional Equity and Access,NCTM Annual Meeting & Exposition 2024,"September 28, 2024",Joe Manfre,Co-Presenting at NCTM Annual Meeting & Exposition in Chicago.,https://coachedplus.org/about-joe/,,"Chicago, IL",Session,2026-04-22T15:33:47.212022,high
Beyond Land Acknowledgments: Centering Indigenous Presence and Absence,NCTE Annual Convention 2024,"November 22, 2024",,Panel discussion on Indigeneity and Place at NCTE.,https://ncte.org/wp-content/uploads/2024_NCTE_Annual_Report.pdf,,"Boston, MA",Panel,2026-04-22T15:34:20.944201,high
NSTA Area Conference on Science Education 2023,NSTA Area Conference 2023,November 2023,,NSTA Area Conference.,https://www.nsta.org/,,Various,Conference,2026-04-22T15:34:20.944423,high
Navigating AI Policy for Inclusivity,ISTE Live 2024,June 2024,James Basham | Joseph Blackorby | Kathleen Brennan | John Britten | Eleazar Vasquez,Presentation on navigating AI policy for inclusivity in education.,https://specialedu.ku.edu/sites/specialedu/files/attached-files/T_Vasquez-08-19-25.pdf,,"Denver, CO",Presentation,2026-04-22T15:34:20.944432,high
The Power of Grit,NCTM Annual Meeting & Exposition 2024,September 2024,Dr. India White,Presentation on equity and grit in mathematics education.,https://www.mathedleadership.org/ncsm-virtual-summit-2025/,,"Chicago, IL",Session,2026-04-22T15:34:20.944435,high
NCTM Research Conference: From the Personal to the Political,NCTM Research Conference 2023,"October 24-25, 2023",Beth Herbel-Eisenmann | Gail Burrill,MSU faculty presenting at the NCTM Research Conference.,https://prime.natsci.msu.edu/news/msu-math-ed-at-2023-nctm-and-ncsm.aspx,,"Washington, DC",Research Conference,2026-04-22T15:34:20.944437,high
OpenSciEd for Elementary: Professional Learning Institute,NSTA National Conference 2024,"November 6, 2024, 8:15 AM – 3:15 PM",Susan Gomez Zwiep | Janna Mahfoud | Yanira Vazquez,Professional learning institute on OpenSciEd for elementary grades.,https://bscs.org/resources/nsta-2024-new-orleans/,Hilton New Orleans Riverside – Canal,"New Orleans, LA",Professional Learning Institute,2026-04-22T15:34:20.944444,high
NCSS 102nd Annual Conference,NCSS Annual Conference 2022,December 2022,,"NCSS Annual Conference in Philadelphia, PA.",https://www.socialstudies.org/,,"Philadelphia, PA",Conference,2026-04-22T15:34:20.944449,high
ASCD Annual Conference 2022,ASCD Annual Conference 2022,March 2022,,"ASCD Annual Conference in Orlando, FL.",https://www.ascd.org/,,"Orlando, FL",Conference,2026-04-22T15:34:20.944451,high
NCTE Annual Convention 2020,NCTE Annual Convention 2020,November 2020,,Virtual NCTE Annual Convention.,https://www.ncte.org/,,Virtual,Conference,2026-04-22T15:34:20.944453,high
NSTA National Conference 2019,NSTA National Conference 2019,April 2019,,"NSTA National Conference in St. Louis, MO.",https://www.nsta.org/,,"St. Louis, MO",Conference,2026-04-22T15:34:20.944456,high
NCTM Annual Meeting & Exposition 2019,NCTM Annual Meeting & Exposition 2019,April 2019,,"NCTM Annual Meeting in San Diego, CA.",https://www.nctm.org/,,"San Diego, CA",Conference,2026-04-22T15:34:20.944458,high
ISTE Live 2019,ISTE Live 2019,June 2019,,"ISTE Conference in Philadelphia, PA.",https://www.iste.org/,,"Philadelphia, PA",Conference,2026-04-22T15:34:20.944460,high
ASCD Annual Conference 2019,ASCD Annual Conference 2019,March 2019,,"ASCD Annual Conference in Chicago, IL.",https://www.ascd.org/,,"Chicago, IL",Conference,2026-04-22T15:34:20.944463,high
NCSM Annual Conference 2019,NCSM Annual Conference 2019,April 2019,,"NCSM Annual Conference in San Diego, CA.",https://www.mathedleadership.org/,,"San Diego, CA",Conference,2026-04-22T15:34:20.944465,high
NCSS Annual Conference 2019,NCSS Annual Conference 2019,November 2019,,"NCSS Annual Conference in Austin, TX.",https://www.socialstudies.org/,,"Austin, TX",Conference,2026-04-22T15:34:20.944467,high
